{
  "project_info": {
    "project_number": "244902394180",
    "firebase_url": "https://journal-app-b270e.firebaseio.com",
    "project_id": "journal-app-b270e",
    "storage_bucket": "journal-app-b270e.appspot.com"
  },
  "client": [
    {
      "client_info": {
        "mobilesdk_app_id": "1:244902394180:android:0ce20bbfef97b963",
        "android_client_info": {
          "package_name": "com.ben.jounalapp"
        }
      },
      "oauth_client": [
        {
          "client_id": "244902394180-rbuldekhsp56fl50p547g1kl4loc433h.apps.googleusercontent.com",
          "client_type": 1,
          "android_info": {
            "package_name": "com.ben.jounalapp",
            "certificate_hash": "d854621001f697321ad7e653dc83b1a054cb2f29"
          }
        },
        {
          "client_id": "244902394180-0ttp8tr6l4rrg9etmu0jbu0ao54jkh0c.apps.googleusercontent.com",
          "client_type": 3
        }
      ],
      "api_key": [
        {
          "current_key": "AIzaSyCk0KMB8_LTwHPJ6tmrtbXcYhtJX7c8B8I"
        }
      ],
      "services": {
        "analytics_service": {
          "status": 1
        },
        "appinvite_service": {
          "status": 2,
          "other_platform_oauth_client": [
            {
              "client_id": "244902394180-0ttp8tr6l4rrg9etmu0jbu0ao54jkh0c.apps.googleusercontent.com",
              "client_type": 3
            }
          ]
        },
        "ads_service": {
          "status": 2
        }
      }
    }
  ],
  "configuration_version": "1"
}